Band,Cohort,Surv1yr,TLR1LA,TLR1LB,TLR2B,TLR4,TLR5,TLR15,TLR21
B81953,2000,1,AB,AB,,,,AA,AA
B81954,2000,0,,,,,,,
B81955,2001,1,AA,AA,AA,AC,AB,AA,AB
B81956,2001,1,AB,AB,AB,AC,AB,AA,AB
B81963,2001,1,AB,AB,BB,AA,AA,AA,AA
B81964,2001,1,AA,AA,AA,AD,AB,AA,AA
B81965,2001,1,AB,AB,AB,BD,BB,AA,AA
B81973,2001,1,AA,AA,AB,BC,BB,AB,AA
B81974,2001,0,,,,,,,
B81990,2001,1,AB,AB,AB,BE,AB,AA,AA
B81991,2001,1,AB,AB,AA,AB,AB,AA,AA
B81992,2001,1,AB,AB,AA,BE,AA,AA,AA
B81993,2002,1,AB,AB,AB,AB,AB,AA,AA
B84601,2002,1,AB,AB,AB,AA,AB,AA,AA
B84602,2002,1,AB,AB,AB,BE,AB,AA,AA
B84603,2002,0,,,,,,,
B84604,2002,1,AA,AA,AB,CC,AB,AB,AB
B84605,2002,0,AB,AB,AB,CC,AB,AA,AB
B84606,2002,1,AA,AA,AA,AB,AB,AA,AA
B84607,2002,1,BB,BB,AB,BD,AB,AA,AA
B84608,2002,1,AB,AB,AB,AB,AB,AA,AA
B84609,2002,1,AA,AA,AB,BC,AA,AA,AB
B84610,2002,1,AA,AA,AB,AB,BB,AA,AA
B84611,2002,1,BB,BB,BB,BE,AB,AA,AA
B84612,2002,1,AB,AB,AB,AC,AA,AA,AB
B84613,2002,1,AB,AB,AB,CC,AA,AA,AB
B84614,2002,1,AB,AB,AA,BB,AA,AA,AA
B84615,2002,1,AB,AB,AB,BE,AA,AA,AA
B84616,2002,1,AA,AA,AA,BE,AA,AA,AA
B84617,2002,1,AB,AB,AB,BB,AA,AA,AA
B84618,2002,0,AB,AB,AB,BE,AC,AA,AA
B84619,2002,1,AB,AB,AB,AB,AB,AA,AA
B84620,2002,1,AB,AB,BB,BE,AA,AA,AA
B84621,2002,0,AB,AB,AA,AB,AB,AA,AA
B84622,2002,1,AA,AA,AB,AB,AB,AA,AB
B84623,2002,1,AB,AB,AB,AC,AA,AA,AA
B84624,2002,1,AB,AB,BB,AA,AA,AA,AA
B84625,2002,1,AB,AB,BB,AA,AA,AA,AA
B84626,2002,1,AA,AA,BB,AA,AB,AB,AA
B84627,2002,1,AA,AA,AB,BC,AB,AA,AB
B84652,2003,0,,,,,,,
B84653,2003,1,,,,,,AA,
B84631,2003,1,AB,AB,AB,AE,AA,AA,AA
B84632,2003,1,AB,AB,BB,BE,AA,AA,AA
B84633,2003,1,BB,BB,BB,BB,AB,AA,AA
B84634,2003,0,AA,AA,AB,AB,AB,AA,AB
B84635,2003,0,AB,AB,AA,AB,AB,AA,AA
B84636,2003,1,BB,BB,BB,AC,AB,AB,AA
B84637,2003,0,AB,AB,BB,AC,AB,AB,AA
B84638,2003,1,BB,BB,BB,BE,AC,AA,AA
B84639,2003,1,AA,AA,AA,BD,AB,AA,AB
B84640,2003,1,AA,AA,AB,AD,BB,AA,AB
B84641,2003,1,AB,AB,AA,AB,BB,AA,AA
B84642,2003,1,BB,BB,AB,BD,AB,AA,AA
B84643,2003,1,AA,AA,AA,AA,AA,AA,AB
B84644,2003,1,AB,AB,AB,AC,AA,AA,AA
B84645,2003,0,AA,AA,AA,AB,AB,AA,AB
B84646,2003,1,AA,AA,AA,AC,AA,AA,AA
B84647,2003,1,AB,AB,AB,AC,AA,AA,AB
B84648,2003,1,AA,AA,AB,AC,AA,AA,AA
B84649,2003,1,AB,AB,AB,AC,AA,AA,AB
B84650,2003,1,AA,AA,AB,BC,AA,AA,AB
B84651,2003,1,AA,AA,AB,CC,AB,AB,AA
B84654,2003,1,BB,BB,BB,BE,AB,AA,AA
B84655,2003,1,AB,AB,AB,BE,AB,AA,AA
B84656,2003,1,AB,AB,AA,AD,BB,AA,AA
B84657,2003,1,BB,BB,AB,AD,BB,AA,AA
B84658,2003,0,AB,AB,BB,AB,BB,AA,AA
B84659,2003,1,AB,AB,AB,BB,BB,AA,AA
B84660,2003,1,AB,AB,BB,AB,AA,AA,AA
B84661,2003,1,AB,AB,BB,AA,AA,AA,AA
B84662,2003,0,AA,AA,AB,AC,AB,AA,AA
B84663,2003,1,AB,AB,AA,AC,BB,AA,AB
B84664,2003,1,AA,AA,AA,BE,AA,AA,AA
B84665,2003,0,AA,AA,AB,AB,AB,AA,AA
B91313,2004,1,BB,BB,AB,AB,BB,AA,AA
B91325,2004,0,,,,,,,
B91336,2004,1,,,,,,AA,
B99701,2004,1,AA,,,,AB,AA,
B99714,2004,1,,,,,BB,AA,
B99722,2004,0,,,,,,,
B99723,2004,0,,,,,,,
B84666,2004,0,BB,BB,BB,BB,AC,AA,AA
B84667,2004,1,AB,AB,AB,BB,AA,AA,AA
B84669,2004,1,AB,AB,AA,BE,AA,AA,AA
B84670,2004,1,AA,AA,AB,AB,AB,AA,AA
B91301,2004,0,AB,AB,AB,BB,AA,AA,AA
B91302,2004,0,AB,AB,AB,AB,AA,AA,AA
B91303,2004,0,AB,AB,AB,AE,AA,AA,AA
B91304,2004,1,AA,AA,AA,AB,AB,AA,AB
B91306,2004,1,BB,BB,BB,BE,AB,AA,AA
B91307,2004,1,BB,BB,BB,AB,AA,AA,AA
B91308,2004,1,AA,AA,AB,BC,AA,AA,AA
B91309,2004,1,AB,AB,AB,BC,AA,AA,AA
B91310,2004,1,AA,AA,AA,AE,AA,AA,AB
B91311,2004,1,AB,AB,BB,AC,AA,AA,AA
B91312,2004,1,BB,BB,BB,AC,AB,AB,AA
B91314,2004,0,AB,AB,AB,BB,AB,AA,AA
B91315,2004,1,AB,AB,AB,AC,AA,AA,AB
B91316,2004,1,AB,AB,AB,AC,AA,AA,AA
B91317,2004,0,AA,AA,AA,BB,AB,AA,AA
B91318,2004,1,AB,AB,AA,AD,BB,AA,AA
B91319,2004,0,AB,AB,BB,AB,AA,AA,AA
B91320,2004,1,AA,AA,BB,AB,AB,AA,AB
B91321,2004,1,AB,AB,AA,BE,AB,AA,AA
B91322,2004,1,AB,AB,AB,BE,AB,AA,AA
B91323,2004,0,AB,AB,AB,BE,BC,AA,AA
B91324,2004,1,AB,AB,BB,CC,AA,AA,AB
B91326,2004,1,AA,AA,AB,BE,AA,AA,AA
B91327,2004,0,AA,AA,AB,CE,AB,AA,AB
B91328,2004,1,AB,AB,AB,AD,BB,AA,AA
B91331,2004,1,AB,AB,AB,AB,AB,AA,AB
B91332,2004,1,AB,AB,AB,AB,AA,AA,AA
B91333,2004,1,AB,AB,AB,AB,AA,AA,AB
B91334,2004,0,AA,AA,AB,AB,AA,AA,AB
B91335,2004,1,AA,AA,AB,AA,AA,AA,AB
B91329,2004,1,AB,AB,AB,BB,BB,AA,AA
B99702,2004,1,AA,AA,AB,BC,AB,AA,AA
B99703,2004,0,AB,AB,AB,AB,AA,AA,AB
B99704,2004,1,AB,AB,BB,AC,AB,AB,AA
B99705,2004,1,AB,AB,BB,AA,AB,AB,AA
B99706,2004,1,BB,BB,BB,AA,AB,AB,AA
B99707,2004,1,AA,AA,AA,CD,AB,AA,AB
B99708,2004,1,AB,AB,AA,AD,BB,AA,AA
B99709,2004,1,BB,BB,AB,BB,AB,AA,AA
B99710,2004,1,AA,AA,AA,AD,AB,AA,AA
B99711,2004,1,AA,AA,AA,AD,AB,AA,AA
B99713,2004,1,AB,AB,AA,AD,BB,AA,AA
B99724,2004,1,AB,AB,BB,AB,AA,AA,AA
B99725,2004,1,AB,AB,AB,BB,AA,AA,AA
B99716,2004,1,BB,BB,BB,BB,AB,AA,AA
B84668,2004,1,AB,AB,AB,BB,AA,AA,AC
B91305,2004,1,AA,AA,AB,BD,AA,AA,AB
B99721,2004,1,BB,BB,BB,BB,BC,AA,AA
B99712,2004,1,AB,AB,AB,EE,AB,AA,AA
B99715,2004,1,BB,BB,BB,BE,AB,AA,AA
B91330,2004,1,AB,AB,BB,AA,AA,AA,AA
B98512,2005,1,,,,,,AA,
B98520,2005,1,AB,AB,AB,BB,AB,AA,AA
B98521,2005,1,,,,,,AA,
B98522,2005,1,,,,,,AA,
B91341,2005,1,AB,AB,AB,BE,AB,AA,AA
B91389,2005,1,AB,AB,AB,AB,AB,AA,AA
B91390,2005,0,AA,AA,AA,AE,AA,AA,AA
B91391,2005,0,AB,AB,BB,AC,AA,AA,AA
B91392,2005,0,AB,AB,BB,AC,AB,AB,AA
B91393,2005,1,AA,AA,AA,BE,AA,AA,AC
B98501,2005,1,AA,AA,AB,BB,BB,AA,AB
B98502,2005,1,AB,AB,AB,AB,AB,AA,AA
B98503,2005,0,BB,BB,BB,BB,AA,AA,AA
B98504,2005,0,AB,AB,BB,AB,AB,AA,AB
B98505,2005,1,AB,AB,BB,CD,AA,AA,BB
B98506,2005,1,AB,AB,AB,AB,AA,AA,AA
B98507,2005,0,AB,AB,AB,BE,BC,AA,AA
B98508,2005,0,AB,AB,AB,BC,AB,AA,AB
B98509,2005,0,AB,AB,AB,AB,AB,AA,AA
B98510,2005,1,AA,AA,AB,AB,AA,AA,AA
B98511,2005,1,AA,AA,AB,AE,AA,AA,AA
B98513,2005,1,BB,BB,AB,AD,BB,AA,AA
B98514,2005,1,AB,AB,AB,BB,AA,AA,AA
B98516,2005,1,AB,AB,AB,AA,BB,AA,AA
B98517,2005,1,AB,AB,BB,AB,AA,AA,AA
B98518,2005,1,AB,AB,BB,AC,AA,AA,AA
B98523,2005,1,BB,BB,BB,AB,AA,AA,AA
B98524,2005,1,BB,BB,BB,BE,AB,AA,AA
B98525,2005,1,BB,BB,BB,BE,AB,AA,AA
B98526,2005,0,AA,AA,AA,AC,AB,AA,AA
B98527,2005,1,AA,AA,AA,AB,AB,AA,AA
B98528,2005,1,AA,AA,AB,BE,AB,AA,AB
B98529,2005,0,AA,AA,AA,AB,AB,AA,AA
B98530,2005,0,AA,AA,AB,AB,AA,AA,AB
B98531,2005,1,AA,AA,AA,BD,BB,AA,AA
B98532,2005,1,AA,AA,AB,AD,AA,AA,AB
B98533,2005,1,AA,AA,AA,AB,AB,AA,AA
B98534,2005,1,BB,BB,AB,AE,AB,AA,AA
B98535,2005,1,AB,AB,BB,AA,AA,AA,AA
B98536,2005,1,AB,AB,BB,AA,AB,AB,AB
B98537,2005,1,AB,AB,BB,AC,AA,AA,AA
B98538,2005,0,AB,AB,BB,AC,AA,AA,AA
B98539,2005,1,BB,BB,AB,BE,AB,AA,AA
B98540,2005,0,AB,AB,AB,AE,AA,AA,AA
B98541,2005,0,AA,AA,AB,AD,AB,AA,AA
B98543,2005,0,AB,AB,AB,AA,BB,AA,AB
B98546,2005,1,AB,AB,AB,BB,AA,AA,AA
B98548,2005,0,AB,AB,AB,AE,AB,AA,AA
B98549,2005,0,BB,BB,BB,BD,BB,AA,AA
B98550,2005,1,AA,AA,AB,BB,AA,AA,AA
B98551,2005,1,AB,AB,AB,AB,BB,AB,AB
B98553,2005,1,AB,AB,AB,AC,AA,AA,AA
B98554,2005,1,BB,BB,BB,AB,AA,AA,AA
B99753,2005,0,AA,AA,AB,AE,AA,AA,AB
B99746,2005,1,BB,BB,BB,BB,AB,AA,AA
B99747,2005,1,AA,AA,AB,AC,AA,AA,AA
B99748,2005,1,AA,AA,AB,CE,AB,AA,AB
B99749,2005,1,AB,AB,BB,BB,AA,AA,AA
B99750,2005,0,AB,AB,BB,BB,AA,AA,AA
B99751,2005,0,AB,AB,BB,AC,AB,AA,AB
B99754,2005,0,AB,AB,BB,AB,AA,AA,AA
B99755,2005,0,BB,BB,AB,BE,BB,AA,AA
B99756,2005,1,BB,BB,AB,BB,BB,AA,AA
B99757,2005,1,AA,AA,AA,AB,AA,AA,AA
B99758,2005,0,AB,AB,BB,BB,AB,AA,AA
B99759,2005,0,AB,AB,AB,AC,AA,AA,AA
B99760,2005,1,AA,AA,AB,AC,AA,AA,AB
B99761,2005,0,AB,AB,AB,AB,AB,AA,AA
B99762,2005,0,AB,AB,AB,BC,BB,AB,AB
B99764,2005,1,BB,BB,AB,BE,AB,AA,AA
B99763,2005,1,AA,AA,AA,AA,AB,AA,AA
B99765,2005,1,AA,AA,AB,AC,AB,AA,AA
B99766,2005,1,AA,AA,AA,AB,AB,AA,AA
B99767,2005,1,AB,AB,AB,AC,AB,AA,AB
B99768,2005,0,AB,AB,AB,AA,BB,AA,AA
B99769,2005,0,BB,BB,AA,CD,BB,AA,AA
B99770,2005,1,AB,AB,AB,AB,AB,AA,AB
B99771,2005,1,BB,BB,BB,AA,AA,AA,AA
B99772,2005,1,AA,AA,AA,CD,AB,AA,AB
B99776,2005,1,AA,AA,AA,BD,AA,AA,AA
B99778,2005,1,AB,AB,AA,BD,AB,AA,AA
B99779,2005,1,AA,AA,AA,AD,AB,AA,AA
B99780,2005,1,AB,AB,BB,AA,AB,AB,AA
B99781,2005,0,BB,BB,AB,EE,AC,AA,AA
B99782,2005,1,BB,BB,AB,BB,AA,AA,AA
B99783,2005,1,AA,AA,AB,AA,AB,AB,AB
B99784,2005,1,AB,AB,AB,AB,AA,AA,AA
B99785,2005,0,AA,AA,BB,BC,AB,AA,AA
B99786,2005,0,AB,AB,AB,AB,BB,AA,AA
B99787,2005,0,AB,AB,AB,AD,BB,AB,AA
B99788,2005,0,AB,AB,AB,AD,AB,AA,AA
B99777,2005,1,BB,BB,AB,AD,BB,AA,AA
B99752,2005,1,AB,AB,AB,AC,AA,AA,AA
B98547,2005,1,AB,AB,AB,BE,AA,AA,AA
B98552,2005,1,AB,AB,AB,AA,AB,AA,AB
B98545,2005,1,BB,BB,AA,CD,BB,AA,AA
B98519,2005,1,AB,AB,AB,AC,AA,AA,AA
B98515,2005,1,AB,AB,AA,AB,BB,AA,AA
B101732,2006,0,,,,,,,
B101739,2006,1,,,AB,,,,
B98583,2006,0,,,,,,,
B98571,2006,1,AB,AB,AB,AB,AA,AA,AA
B98572,2006,0,BB,BB,BB,BB,AA,AA,AA
B98573,2006,1,AB,AB,AB,BD,AB,AA,AA
B98574,2006,1,AA,AA,AB,AE,AA,AA,AA
B98575,2006,1,AA,AA,AB,AB,AA,AA,AB
B98576,2006,0,AA,AA,AB,AA,AA,AA,AA
B98577,2006,1,BB,BB,BB,AB,AB,AA,AA
B98578,2006,0,AB,AB,BB,BB,AB,AA,AA
B98579,2006,1,AA,AA,AB,AE,AB,AA,AA
B98580,2006,1,BB,BB,AB,BB,AA,AA,AA
B98581,2006,0,BB,BB,AB,AD,BB,AA,AA
B98582,2006,0,BB,BB,AB,AD,BB,AA,AA
B98584,2006,0,BB,BB,BB,AC,AA,AA,AA
B98585,2006,1,AA,AA,AB,CD,AB,AA,AA
B98586,2006,1,AA,AA,AB,AD,AA,AA,AB
B98587,2006,0,AA,AA,AA,AA,AB,AA,AA
B98588,2006,1,AB,AB,AB,AC,AA,AA,AB
B98589,2006,1,AA,AA,AA,BD,BB,AA,AA
B98590,2006,1,BB,BB,AB,AB,BB,AA,AA
B98591,2006,1,BB,BB,BB,AE,AB,AB,AB
B98592,2006,1,AB,AB,BB,BB,AB,AA,AA
B98593,2006,1,BB,BB,AB,BE,BB,AA,AA
B98594,2006,1,AA,AA,AA,BD,AB,AA,AA
B98595,2006,1,AB,AB,AB,AA,AA,AA,AA
B98596,2006,1,AA,AA,AB,AC,AA,AA,AA
B98597,2006,1,AB,AB,AB,AC,AA,AA,AA
B98598,2006,1,AB,AB,AB,AD,AB,AB,AA
B98599,2006,1,AB,AB,AB,CD,BB,AB,AA
B98600,2006,1,AB,AB,AB,BE,AB,AA,AA
B101701,2006,1,AA,AA,AA,BE,AA,AA,AA
B101702,2006,1,AA,AA,AB,AA,AA,AA,AA
B101703,2006,1,AB,AB,AB,BD,BB,AA,AA
B101704,2006,0,AB,AB,AB,AE,BB,AA,AA
B101705,2006,0,AB,AB,AB,BB,AA,AA,AA
B101706,2006,0,AB,AB,AB,BB,AA,AA,AA
B101707,2006,1,AB,AB,AB,BB,AB,AA,AA
B101708,2006,0,AB,AB,AB,AA,AA,AA,AA
B101709,2006,1,AB,AB,BB,AA,AA,AA,AA
B101710,2006,1,AB,AB,AB,AC,AA,AA,AA
B101711,2006,1,AB,AB,BB,AB,AA,AA,AA
B101712,2006,1,AB,AB,AB,AB,AA,AA,AA
B101713,2006,1,AA,AA,AB,AB,AB,AA,AA
B101714,2006,1,AB,AB,AB,AA,AB,AA,AA
B101715,2006,1,AA,AA,AB,AA,AB,AA,AA
B101716,2006,1,AA,AA,AA,AB,BB,AA,AA
B101717,2006,1,BB,BB,AB,AB,BB,AA,AA
B101718,2006,1,BB,BB,AB,AB,AB,AA,AA
B101719,2006,0,AA,AA,AA,AC,AA,AA,AB
B101720,2006,1,AA,AA,AB,AA,AB,AA,AA
B101721,2006,0,AA,AA,AA,AA,AA,AA,AB
B101722,2006,1,AA,AA,AB,AC,AA,AA,AB
B101728,2006,1,AB,AB,AB,AA,BB,AA,AB
B101723,2006,0,AB,AB,AB,BD,BB,AA,AA
B101724,2006,1,AA,AA,AA,BB,BB,AA,AA
B101725,2006,1,AA,AA,AA,AA,AA,AA,AA
B101726,2006,1,AA,AA,AB,AE,AA,AA,AA
B101727,2006,0,AB,AB,AB,BD,AB,AA,AA
B101729,2006,1,AB,AB,BB,AA,AA,AA,AA
B101730,2006,1,AB,AB,BB,AB,AA,AA,AA
B101731,2006,1,AB,AB,AB,AE,AA,AA,AB
B101733,2006,1,AB,AB,BB,AA,AA,AA,AA
B101734,2006,1,AB,AB,BB,AB,AA,AA,AA
B101735,2006,1,AA,AA,AA,CD,AB,AA,AB
B101736,2006,1,AA,AA,AA,CD,AB,AA,BB
B101737,2006,0,AB,AB,BB,AE,AB,AA,AA
B101738,2006,1,BB,BB,AB,AA,BB,AB,AA
B101740,2006,1,AB,AB,BB,BC,AA,AA,AA
B101741,2006,1,BB,BB,BB,BE,AB,AA,AA
B101742,2006,1,AB,AB,AB,BC,AA,AA,AA
B101743,2006,0,AB,AB,AB,AD,BB,AA,AA
B101744,2006,1,AB,AB,AB,AA,AB,AA,AB
B101745,2006,0,AB,AB,AB,AB,AA,AA,AA
B101746,2006,0,AB,AB,AA,BE,AA,AA,AC
B101747,2006,1,AB,AB,AA,BB,AA,AA,AC
B101748,2006,0,AB,AB,BB,BB,AB,AA,AA
B101749,2006,1,AB,AB,AB,AB,AB,AA,AA
B101750,2006,1,AB,AB,AB,DE,AB,AA,AA
B101751,2006,1,AB,AB,AB,BB,BB,AA,AA
B101752,2006,1,AB,AB,AB,BB,BB,AA,BB
B101753,2006,1,AB,AB,AB,BB,AA,AA,AA
B101754,2006,1,AB,AB,BB,BB,AA,AA,AA
B101755,2006,1,AB,AB,AB,BB,AB,AA,AA
B101756,2006,0,AB,AB,AB,AC,AB,AA,AA
B101757,2006,1,AB,AB,AB,AA,AB,AA,AA
B101758,2006,1,AA,AA,AB,BC,BB,AB,AA
B101759,2006,0,AA,AA,AB,AC,BB,AB,AA
B97402,2006,1,AA,AA,AB,BC,AA,AA,AA
B96529,2007,1,BB,BB,BB,BE,AB,AA,AA
B96530,2007,1,AB,AB,BB,BD,AB,AA,AA
B96531,2007,1,AA,AA,BB,BE,AB,AA,AA
B96532,2007,0,AB,AB,AB,BE,AB,AA,AA
B96533,2007,1,AB,AB,AB,CE,AB,AA,AA
B96534,2007,1,AA,AA,AA,AE,AA,AA,AA
B96535,2007,1,AA,AA,AB,CE,AA,AA,AB
B96536,2007,1,,,,,,,
B96537,2007,0,AB,AB,AB,AB,AA,AA,AA
B96538,2007,0,AA,AA,AB,BD,AA,AA,AB
B96539,2007,1,AA,AA,AB,AB,AA,AA,AB
B96540,2007,1,AA,AA,AB,AD,AB,AA,AB
B96541,2007,0,AB,AB,BB,BC,AA,AA,AA
B96542,2007,1,AB,AB,AB,AB,AA,AA,AB
B96543,2007,1,AB,AB,BB,AB,AA,AA,AA
B96544,2007,1,AB,AB,BB,AB,AA,AA,AA
B96545,2007,0,AB,AB,AB,AD,AB,AB,AB
B96546,2007,0,,,,,,,
B96547,2007,1,AB,AB,AB,BC,AA,AA,AA
B96548,2007,1,AB,AB,BB,AB,BB,AA,AB
B96557,2007,0,AB,AB,AB,AB,BB,AA,AB
B96558,2007,1,AB,AB,AB,BE,AA,AA,AA
B96559,2007,1,AA,AA,AA,AB,AB,AA,AA
B96560,2007,1,AB,AB,AB,AA,AB,AA,AA
B96561,2007,1,AB,AB,BB,BB,AB,AA,AA
B96562,2007,1,BB,BB,BB,AA,AA,AA,AA
B96563,2007,0,AA,AA,AB,AB,AA,AA,AA
B96564,2007,1,AB,AB,BB,BC,AA,AA,AA
B96565,2007,1,BB,BB,AB,BD,AB,AA,AA
B96566,2007,1,AA,AA,AA,AD,AA,AA,AB
B96567,2007,0,AB,AB,AB,CD,AB,AA,AA
B96568,2007,1,AA,AA,AB,BE,AA,AA,AA
B96569,2007,1,AB,AB,BB,BE,AA,AA,AA
B96570,2007,1,AA,AA,AA,AB,AB,AA,AA
B96571,2007,1,AA,AA,AB,AE,AA,AA,AA
B96572,2007,1,AB,AB,BB,AE,AB,AB,AB
B96573,2007,0,AA,AA,AA,BC,AB,AA,AB
B96574,2007,1,AA,AA,AA,AB,AB,AA,AA
B97403,2007,1,AA,AA,AA,AB,AB,AA,AB
B97404,2007,1,AA,AA,AA,AA,AA,AA,AA
B97405,2007,1,AA,AA,AA,AC,AB,AA,AA
B97407,2007,1,AB,AB,AB,BB,BB,AA,AA
B97408,2007,1,AA,AA,AB,CD,AB,AA,AA
B97409,2007,1,AB,AB,AB,AB,AA,AA,AA
B97410,2007,1,AA,AA,AA,BE,AA,AA,AA
B97411,2007,1,AA,AA,AB,AA,BB,AA,AB
B97412,2007,1,AB,AB,AB,AB,AA,AA,AA
B97413,2007,1,BB,BB,AB,AA,AB,AA,AA
B97414,2007,1,AB,AB,AB,AC,AA,AA,AA
B97415,2007,1,AB,AB,AB,AE,AB,AA,AB
B97416,2007,1,AB,AB,AB,AC,AB,AB,AA
B97417,2007,1,AB,AB,BB,AD,AB,AA,AA
B97418,2007,1,AA,AA,AB,AB,AB,AA,AA
B97419,2007,1,AB,AB,BB,BE,BB,AA,AA
B97420,2007,1,AB,AB,BB,BB,AB,AA,AA
B97421,2007,1,BB,BB,BB,AE,AB,AA,AA
B97422,2007,1,AB,AB,AB,AE,AA,AA,AA
B97423,2007,1,AB,AB,AB,AB,AA,AA,AA
B97424,2007,1,AB,AB,AB,BE,AA,AA,AA
B97425,2007,1,BB,BB,AB,AD,BB,AB,AA
B97426,2007,1,AB,AB,AA,AA,AB,AA,AA
B97427,2007,1,AB,AB,AB,AD,AB,AA,AA
B97428,2007,1,AB,AB,AB,AD,AB,AA,AA
B97429,2007,1,AB,AB,AB,BE,AB,AA,AA
B97430,2007,1,AA,AA,AA,AE,BB,AA,AA
B97431,2007,1,BB,BB,BB,AB,AA,AA,AA
B97432,2007,1,AB,AB,BB,AA,AB,AA,AA
B97433,2007,1,AA,AA,AA,BC,AB,AA,AA
B97434,2007,1,AB,AB,AB,AD,BB,AB,AB
B97435,2007,0,AA,AA,AB,CC,AB,AA,AB
B97436,2007,1,AB,AB,AB,BC,AA,AA,AB
B97437,2007,1,AB,AB,AB,CD,AB,AA,AA
B97438,2007,1,AB,AB,BB,CD,AB,AA,AB
B97439,2007,1,AB,AB,BB,BB,AB,AA,AA
B97440,2007,1,AA,AA,AA,BD,AB,AA,AA
B97441,2007,1,AB,AB,BB,AA,AB,AB,AA
B97442,2007,1,AB,AB,BB,AA,AB,AB,AA
B97443,2007,1,AB,AB,BB,AB,AB,AB,AA
B97444,2007,1,BB,BB,AB,AD,AB,AA,AA
B97445,2007,1,AB,AB,AB,AD,AB,AA,AA
B97446,2007,1,AA,AA,AB,BC,AB,AA,AA
B97447,2007,1,AA,AA,AA,AC,BB,AB,AA
B97448,2007,1,AA,AA,AB,AB,AA,AA,AA
B97449,2007,1,AB,AB,AB,AB,AA,AA,AA
B97450,2007,0,AB,AB,BB,AB,AA,AA,AA
B97451,2007,1,AB,AB,AB,BB,AB,AA,AA
B97452,2007,1,AB,AB,AB,AD,AB,AA,AA
B97453,2007,0,BB,BB,AB,BD,AB,AA,AA
B97454,2007,1,AB,AB,AA,AD,BB,AA,AA
B97455,2007,1,AA,AA,AA,BB,BB,AA,AA
B97456,2007,1,AA,AA,AB,BB,AB,AA,AB
B97457,2007,1,AA,AA,AB,BB,AB,AA,AA
B97458,2007,0,AB,AB,AB,BD,BB,AA,AA
B97459,2007,0,AA,AA,AA,AC,AB,AA,AA
B97460,2007,0,AA,AA,AA,BB,AA,AA,AA
B97461,2007,1,BB,BB,AB,AC,AA,AA,AA
B97462,2007,1,AA,AA,AB,AC,AB,AA,AA
B97463,2007,1,AB,AB,BB,BB,BB,AA,AA
B97464,2007,1,AA,AA,BB,AA,AB,AA,AA
B97465,2007,1,AB,AB,AA,AC,AA,AA,AB
B97466,2007,0,AB,AB,BB,BB,BB,AA,AA
B97467,2007,1,AB,AB,AB,AA,BB,AB,AA
B97468,2007,1,AB,AB,AB,BC,AA,AA,AA
B97469,2007,1,AB,AB,BB,AB,AA,AA,AA
B97470,2007,1,AA,AA,AB,AA,AB,AA,AA
B97471,2007,1,AA,AA,AB,AA,AB,AA,AA
B97472,2007,1,AA,AA,AB,AE,AB,AB,AA
B97473,2007,1,AB,AB,BB,AC,AA,AA,AB
B97474,2007,1,AB,AB,BB,AB,AA,AA,AA
B97475,2007,1,AB,AB,AB,BB,AA,AA,AA
B97476,2007,1,AB,AB,AB,AB,AA,AA,AA
B97477,2007,1,AA,AA,AB,AA,AB,AA,AB
B97478,2007,1,BB,BB,BB,AC,AA,AA,AB
B97479,2007,1,BB,BB,BB,BC,AB,AB,AA
B97480,2007,1,AB,AB,AB,BC,AB,AB,AA
B97481,2007,1,AA,AA,AB,BD,AA,AA,AA
B97482,2007,1,AA,AA,AA,AA,AB,AB,AA
B97483,2007,1,AB,AB,AB,AB,AA,AA,AA
B97484,2007,1,AB,AB,AB,BD,AA,AA,AA
B97485,2007,1,BB,BB,BB,BB,AC,AA,AA
B97486,2007,1,AB,AB,BB,AC,AB,AB,AA
B97487,2007,1,AB,AB,AB,BC,AA,AA,AA
B97488,2007,1,AB,AB,AA,BE,AB,AA,AC
B97489,2007,0,AB,AB,AB,BC,AA,AA,AA
B97490,2007,1,AA,AA,AA,AC,AA,AA,AA
B97491,2007,1,BB,BB,BB,BB,BB,AA,AA
B97492,2007,1,BB,BB,BB,BE,AC,AA,AA
B97493,2007,1,BB,BB,BB,BB,AC,AA,AA
B97494,2007,1,AA,AA,AA,AC,AB,AA,AA
B97495,2007,1,AA,AA,AA,AC,AB,AA,AA
B97496,2007,1,AA,AA,AA,AC,BB,AA,AA
B97497,2007,1,AB,AB,AB,BC,AB,AA,AA
B97498,2007,1,AA,AA,AA,AC,AB,AA,AA
B97499,2007,1,AB,AB,BB,BE,AA,AA,AA
B97500,2007,0,AB,AB,AB,AC,AB,AB,AA
B110551,2007,1,AB,AB,BB,AB,AB,AA,AA
B110552,2007,1,BB,BB,BB,AA,AB,AA,AB
B110635,2007,1,BB,BB,AB,AE,BB,AB,AA
B107004,2008,1,AA,AA,AA,AB,AA,AA,AA
B107029,2008,1,AB,AB,AB,AB,AB,AA,AA
B107030,2008,1,AB,AB,BB,AA,AB,AB,AA
B107033,2008,1,BB,BB,BB,AC,AA,AA,AA
B110553,2008,1,AA,AA,AA,AD,AB,AB,AB
B110554,2008,1,AB,AB,AA,BE,AB,AA,AA
B110555,2008,1,AB,AB,AB,AE,AA,AA,AA
B110556,2008,0,AA,AA,AB,AE,AB,AA,AA
B110557,2008,1,AB,AB,AB,BB,AB,AA,AA
B110558,2008,1,AB,AB,AB,AD,AB,AA,AA
B110559,2008,1,,,,AB,,,CC
B110560,2008,1,AA,AA,AB,BE,AB,AA,AA
B110561,2008,1,AA,AA,AA,BD,AB,AA,AB
B110562,2008,1,BB,BB,BB,AB,AA,AA,AA
B110563,2008,0,AA,AA,AB,AB,AA,AA,AA
B110564,2008,0,AB,AB,AB,BD,BB,AA,AA
B110565,2008,0,BB,BB,AB,AB,AB,AA,AA
B110566,2008,1,AB,AB,AA,AB,AB,AA,AA
B110567,2008,1,AB,AB,AB,AB,AA,AA,AA
B110568,2008,1,BB,BB,BB,AA,AA,AA,AB
B110569,2008,1,AB,AB,AA,BD,AB,AA,AA
B110570,2008,0,BB,BB,BB,BD,AB,AA,AA
B110571,2008,1,AB,AB,AB,BE,AB,AA,AA
B110572,2008,1,AB,AB,AB,BE,AA,AA,AA
B110573,2008,0,,,,,,,
B110574,2008,1,AB,AB,AB,AB,AA,AA,AA
B110575,2008,1,AA,AA,AA,AA,AB,AB,AA
B110576,2008,0,AA,AA,AB,AD,AA,AA,AB
B110577,2008,1,BB,BB,BB,AB,AB,AA,AA
B110578,2008,1,AB,AB,BB,AB,AB,AA,AA
B110579,2008,1,BB,BB,AB,AE,BB,AB,AB
B110580,2008,1,BB,BB,AB,AA,AB,AA,AA
B110581,2008,1,AA,AA,AB,BC,AB,AA,AA
B110582,2008,1,AA,AA,AA,AB,AB,AA,AA
B110583,2008,1,BB,BB,AB,BE,AA,AA,CC
B110584,2008,1,BB,BB,BB,BB,BC,AA,AA
B110585,2008,0,AB,AB,AB,AB,AB,AA,AA
B110586,2008,1,AB,AB,AB,AA,AA,AA,AA
B110587,2008,1,BB,BB,BB,BC,AA,AA,AA
B110588,2008,0,AA,AA,AB,BB,AB,AA,AB
B110589,2008,1,AA,AA,AB,AB,AB,AA,BB
B110590,2008,1,AA,AA,AA,BD,AB,AA,AB
B110591,2008,1,AA,AA,AA,BC,AA,AA,AB
B110592,2008,0,AA,AA,AA,CD,AB,AA,AB
B110593,2008,1,AA,AA,AB,AC,AA,AA,AA
B110594,2008,1,AB,AB,AB,AB,AA,AA,AB
B110595,2008,1,AB,AB,AB,AA,AB,AA,AA
B110596,2008,1,AB,AB,AB,AA,AB,AA,AA
B110597,2008,0,BB,BB,BB,BB,AC,AA,AA
B110598,2008,1,AA,AA,AA,AA,AA,AA,AA
B110599,2008,1,AA,AA,AA,AC,AA,AA,AA
B110600,2008,1,AB,AB,AB,BE,AB,AA,AA
B110601,2008,1,AA,AA,AA,AA,AB,AA,AA
B110602,2008,0,AA,AA,AB,AC,AA,AA,AB
B110603,2008,1,AB,AB,BB,AC,AA,AA,AA
B110604,2008,0,BB,BB,BB,AC,AA,AA,AA
B110605,2008,1,AA,AA,AB,AA,AA,AA,AA
B110606,2008,0,AB,AB,AB,AA,AA,AA,AA
B110607,2008,1,AB,AB,AA,BB,AB,AA,AA
B110608,2008,1,AB,AB,BB,AB,AB,AA,AA
B110609,2008,1,BB,BB,BB,AA,AA,AA,AA
B110610,2008,1,AB,AB,BB,AA,AA,AA,AA
B110611,2008,1,AB,AB,BB,BB,AA,AA,AA
B110612,2008,0,AA,AA,AB,AA,AA,AA,AA
B110613,2008,0,AA,AA,AB,AC,AB,AA,AA
B110614,2008,0,AB,AB,AB,BD,AB,AA,AB
B110615,2008,1,BB,BB,BB,AB,BB,AA,AA
B110616,2008,1,BB,BB,BB,AB,AA,AA,AB
B110617,2008,0,AA,AA,AA,AA,AB,AA,AA
B110618,2008,0,AB,AB,BB,AA,AA,AA,AA
B110619,2008,1,AB,AB,AA,BC,AB,AB,AA
B110620,2008,1,AA,AA,AA,AA,AA,AA,AA
B110621,2008,1,AA,AA,AA,BC,AA,AA,AA
B110622,2008,1,AA,AA,AB,BC,BB,AB,AA
B110623,2008,1,AA,AA,AB,AA,AB,AA,AA
B110625,2008,0,AB,AB,AB,AC,AB,AA,BB
B110627,2008,1,AA,AA,AB,AA,AB,AA,AA
B110628,2008,1,AB,AB,AB,AD,BB,AB,AA
B110629,2008,1,AA,AA,AB,AD,AB,AA,AA
B110630,2008,1,AA,AA,AB,CD,AA,AA,AA
B110631,2008,1,AA,AA,AA,AB,AA,AA,AA
B110632,2008,0,BB,BB,AB,AA,AB,AA,AB
B110633,2008,1,AA,AA,AA,AB,AB,AA,AA
B110634,2008,1,AB,AB,AA,AA,BB,AA,AA
B110676,2008,1,AB,AB,AB,BC,AB,AB,AA
B110681,2008,1,AA,AA,AB,AA,AB,AB,AA
B110682,2008,1,AB,AB,AB,AB,AA,AA,AA
B96575,2008,1,AB,AB,AB,AC,AA,AA,AB
B96576,2008,1,AA,AA,AA,AC,AA,AA,AA
B96577,2008,0,AA,AA,AA,AC,AA,AA,AB
B96578,2008,1,AB,AB,AA,AD,BB,AA,AA
B96579,2008,0,AB,AB,AA,BB,BB,AA,AA
B96580,2008,1,AB,AB,AB,BC,BB,AA,AA
B96581,2008,1,AB,AB,AA,BC,BB,AA,AA
B96582,2008,1,AA,AA,AB,DE,AB,AA,AA
B96583,2008,0,AB,AB,BB,AB,AA,AA,AA
B96584,2008,1,AB,AB,AB,AB,AA,AA,AA
B96585,2008,1,AB,AB,AB,AC,AB,AB,AA
B96586,2008,1,AB,AB,BB,BE,BB,AA,AA
B96587,2008,0,AB,AB,BB,CE,AB,AA,AA
B96588,2008,1,BB,BB,AB,AB,AB,AA,AA
B96589,2008,1,BB,BB,BB,BB,AB,AA,AA
B96590,2008,1,AB,AB,,AB,AA,AA,AA
B96591,2008,1,BB,BB,BB,AB,AA,AA,AA
B96592,2008,0,AA,AA,AB,AD,BB,AA,AA
B96593,2008,0,AB,AB,AB,AD,AB,AB,AA
B96594,2008,0,AA,AA,AA,AA,AA,AA,AA
B96595,2008,1,AA,AA,AB,BD,AB,AA,AB
B96596,2008,1,AB,AB,AB,BB,AA,AA,AA
B110624,2008,0,AA,AA,AB,AA,AB,AA,AA
B107005,2009,1,AA,AA,AB,BE,AB,AA,AA
B107006,2009,1,AB,AB,BB,AA,AA,AA,AB
B107007,2009,1,AB,AB,AB,AA,AA,AA,AA
B107008,2009,1,AB,AB,AB,BB,AB,AA,AA
B107009,2009,0,AB,AB,AB,BB,AB,AA,AB
B107010,2009,1,AA,AA,BB,AB,AB,AA,AB
B107011,2009,1,AA,AA,AA,DE,AB,AA,AB
B107012,2009,1,AA,AA,AA,DE,AB,AA,AA
B107017,2009,1,BB,BB,BB,AA,BB,AA,AA
B107018,2009,1,BB,BB,BB,AA,AB,AA,AA
B107019,2009,1,BB,BB,BB,AE,BB,AA,AA
B107020,2009,0,BB,BB,BB,AD,BB,AA,AA
B107021,2009,1,AB,AB,AB,AA,AB,AA,AA
B107022,2009,0,AA,AA,AA,AB,AB,AA,AA
B107023,2009,1,AA,AA,AA,BC,AB,AA,AA
B107024,2009,1,AA,AA,AA,AA,AB,AA,AA
B107025,2009,0,AB,AB,AB,AB,AB,AA,AB
B107026,2009,1,AB,AB,AB,AB,AB,AA,AB
B107027,2009,1,AA,AA,AB,AB,AB,AA,AA
B107028,2009,1,AB,AB,AA,AB,AB,AA,AA
B107031,2009,1,AA,AA,AB,AB,AB,AB,AA
B107034,2009,1,AB,AB,AB,BB,AB,AA,AA
B107035,2009,1,AB,AB,AB,BC,BC,AB,AA
B107037,2009,1,,,,,,,
B107038,2009,1,BB,BB,AB,BE,BB,AB,AB
B107039,2009,1,AA,AA,AA,AA,AB,AA,AA
B107040,2009,1,AA,AA,AA,AB,AB,AA,AA
B107041,2009,1,AA,AA,AB,AC,AB,AA,AA
B107042,2009,1,AB,AB,AB,BC,AA,AA,AA
B107043,2009,1,AA,AA,AB,AD,AB,AA,AA
B107044,2009,1,AA,AA,AA,AB,AB,AA,AA
B107045,2009,1,AB,AB,BB,AC,AA,AA,AB
B107046,2009,0,AA,AA,AA,DD,AA,AA,AA
B107047,2009,1,AA,AA,AA,DD,AB,AA,AB
B107048,2009,1,AA,AA,AB,AA,AB,AA,AA
B107049,2009,1,AA,AA,AA,BC,BB,AA,AA
B107051,2009,0,AB,AB,BB,CD,AB,AA,AA
B107052,2009,1,BB,BB,AB,BD,AB,AA,AA
B107054,2009,0,AA,AA,AB,AB,AA,AA,AA
B107055,2009,1,AB,AB,AB,AB,BB,AA,AA
B107057,2009,1,AA,AA,AA,AA,AA,AA,AA
B107058,2009,1,AA,AA,AB,CD,AB,AA,AB
B107059,2009,0,AA,AA,AA,AA,AA,AA,AA
B107060,2009,1,AB,AB,AB,AB,AB,AA,AB
B107061,2009,1,AB,AB,AA,BB,AA,AA,AA
B107062,2009,1,AA,AA,AB,AA,AB,AA,AA
B107064,2009,1,AA,AA,AA,AE,AA,AA,AA
B107068,2009,1,AB,AB,BB,AB,AB,AB,AA
B107069,2009,0,,,,,,,
B107071,2009,1,AB,AB,AB,AA,AB,AA,AA
B107072,2009,1,AB,AB,AA,BB,AA,AA,CC
B107073,2009,1,AB,AB,BB,AB,AA,AA,AA
B107074,2009,1,AB,AB,BB,AB,AA,AA,AA
B107075,2009,1,AA,AA,BB,BC,AA,AA,AA
B107078,2009,1,AA,AA,AA,BB,AB,AB,AA
B107079,2009,1,AA,AA,AB,AC,AB,AB,AA
B107080,2009,1,AB,AB,AB,AE,AB,AA,AA
B107082,2009,1,AA,AA,AB,DE,AB,AA,AB
B107083,2009,1,AA,AA,AA,AA,AB,AA,AA
B107084,2009,1,AB,AB,AB,BB,AA,AA,AB
B107085,2009,1,AA,AA,AB,BE,AA,AA,AA
B107086,2009,1,AB,AB,AB,AC,BB,AB,AA
B107087,2009,1,BB,BB,BB,AC,AA,AA,AA
B107088,2009,1,BB,BB,BB,BE,BC,AA,AA
B107089,2009,1,BB,BB,BB,BE,AB,AA,AA
B107090,2009,0,BB,BB,BB,AB,BB,AB,AA
B107091,2009,1,,,,,,,
B107092,2009,1,AA,AB,AB,BC,AB,AA,AB
B107093,2009,1,AA,AA,AA,AB,AB,AA,AB
B107095,2009,1,AB,AB,AB,DE,AA,AA,AA
B107096,2009,1,BB,BB,BB,AA,AA,AA,AA
B107097,2009,1,AA,AA,AB,AD,AB,AA,AA
B107098,2009,1,,,,,,,
B107099,2009,1,AB,AB,AB,AB,AA,AA,AA
B110636,2009,1,AB,AB,AB,BD,AB,AB,AA
B110637,2009,1,AB,AB,AB,BE,AB,AA,AA
B110643,2009,0,AB,AB,AB,BB,AB,AA,AA
B110644,2009,1,AB,AB,AB,BB,AB,AA,AA
B110647,2009,1,AB,AB,AB,BD,AB,AA,AA
B110650,2009,1,AB,AB,BB,AC,BB,AA,AB
B110651,2009,0,AB,AB,AB,AC,AB,AB,AA
B110652,2009,1,AB,AB,AB,AB,AB,AB,AA
B110653,2009,1,AA,AA,AA,AD,AA,AA,AA
B110654,2009,0,AA,AA,AA,AD,AA,AA,AA
B110656,2009,0,AB,AB,AB,AC,AA,AA,AA
B110661,2009,0,AB,AB,AB,BD,AA,AA,AA
B110662,2009,1,BB,BB,BB,AC,AA,AA,AA
B110664,2009,1,AB,AB,BB,AC,AA,AA,AB
B110666,2009,0,AA,AA,BB,AA,AB,AA,AB
B110667,2009,1,AB,AB,BB,AA,AB,AA,AB
B110671,2009,0,BB,BB,BB,BB,BB,AA,AA
B110672,2009,1,AB,AB,BB,AB,AA,AA,AA
B110673,2009,1,AB,AB,BB,BB,AB,AA,AA
B110675,2009,1,,,,,,,
B110677,2009,1,AB,AB,BB,BC,AB,AA,AA
B110678,2009,1,BB,BB,BB,BE,AC,AA,AA
B110683,2009,1,AB,AB,BB,AC,AA,AA,AA
B110684,2009,1,AB,AB,AB,AC,AB,AB,AA
B110685,2009,1,BB,BB,BB,AB,BB,AA,AA
B110686,2009,1,AB,AB,BB,BB,AA,AA,AA
B110687,2009,1,AB,AB,AB,AA,AA,AA,AA
B110688,2009,1,AA,AA,AA,BD,BB,AA,AA
B110689,2009,0,AB,AB,AB,AB,BB,AA,AB
B110691,2009,1,AA,AA,BB,BB,AB,AA,AB
B110693,2009,1,AA,AA,AB,AD,BB,AA,AA
B110694,2009,1,AA,AA,AB,AB,AA,AA,AA
B110696,2009,1,AB,AB,BB,AA,AA,AA,AA
B110697,2009,1,,,,,,,
B110698,2009,1,,,,,,,
B110700,2009,1,AB,AB,BB,AD,AB,AB,AB
